chr,gene_name,start,end
10,TUBB8,46892,74163
10,ZMYND11,134465,254637
10,DIP2C,274190,689668
10,PRR26,649948,669581
10,LARP4B,806914,931705
10,GTPBP4,988019,1019936
10,IDI2,1018907,1025859
10,IDI1,1039152,1049170
10,WDR37,1049538,1132384
10,ADARB2,1177318,1737476
10,PFKP,3066333,3137712
10,PITRM1,3137728,3172841
10,KLF6,3775996,3785281
10,AKR1E2,4786629,4848062
10,AKR1C1,4963253,4983283
10,AKR1C2,4987400,5018031
10,AKR1C3,5035354,5107686
10,AKR1C8P,5154140,5185187
10,AKR1C4,5195462,5218949
10,UCN3,5365009,5374692
10,TUBAL3,5393098,5404830
10,NET1,5412551,5458463
10,CALML5,5498697,5499555
10,CALML3,5524009,5526771
10,ASB13,5638867,5666595
10,FAM208B,5684838,5763740
10,GDI2,5765223,5842132
10,ANKRD16,5861617,5889906
10,FBH1,5890203,5937594
10,IL15RA,5943639,5978187
10,IL2RA,6010689,6062370
10,RBM17,6088987,6117457
10,PFKFB3,6144934,6254644
10,PRKCQ,6427143,6580301
10,SFMBT2,7158624,7411486
10,ITIH5,7559270,7666998
10,ITIH2,7703269,7749520
10,KIN,7750962,7787981
10,ATP5F1C,7788129,7807815
10,TAF3,7818504,8016627
10,GATA3,8045378,8075203
10,CELF2,10798397,11336675
10,USP6NL,11453946,11611754
10,ECHDC3,11742366,11764070
10,PROSER2,11823339,11872277
10,UPF2,11920022,12043170
10,DHTKD1,12068972,12123225
10,SEC61A2,12129637,12169961
10,NUDT5,12165325,12196144
10,CDC123,12195965,12250589
10,CAMK1D,12349482,12835545
10,CCDC3,12896625,13099652
10,OPTN,13099449,13138308
10,MCM10,13161554,13211104
10,UCMA,13221767,13234334
10,PHYH,13277796,13302412
10,SEPHS1,13317424,13348298
10,BEND7,13438484,13528974
10,PRPF18,13586927,13630868
10,AL157392.5,13610047,13655929
10,FRMD4A,13643706,14462142
10,FAM107B,14518557,14774897
10,CDNF,14819250,14838575
10,HSPA14,14838160,14847018
10,HSPA14,14838164,14871741
10,SUV39H2,14878820,14904315
10,DCLRE1C,14897359,14954432
10,MEIG1,14959439,14988050
10,OLAH,15032227,15073852
10,ACBD7,15077523,15088776
10,RPP38,15097180,15139818
10,NMT2,15102584,15168693
10,FAM171A1,15211643,15371062
10,ITGA8,15513949,15720125
10,MINDY3,15778170,15860520
10,PTER,16436943,16513745
10,C1QL3,16513743,16522005
10,RSU1,16590611,16817528
10,CUBN,16823966,17129817
10,TRDMT1,17142254,17202054
10,VIM,17228259,17237593
10,ST8SIA6,17318383,17454330
10,HACD1,17589032,17617377
10,STAM,17644125,17715914
10,TMEM236,17752252,17800868
10,MRC1,17809344,17911170
10,SLC39A12,17951839,18043292
10,CACNB2,18140677,18543557
10,NSUN6,18545561,18659285
10,ARL5B,18659405,18681639
10,MALRD1,19048771,19790401
10,PLXDC2,19816239,20289856
10,NEBL,20779973,21174187
10,C10orf113,21125763,21146559
10,CASC10,21492658,21497262
10,SKIDA1,21513478,21526368
10,MLLT10,21524675,21743630
10,DNAJC1,21756537,22003769
10,EBLN1,22208814,22210021
10,COMMD3,22315974,22320308
10,COMMD3-BMI1,22316388,22329542
10,BMI1,22321211,22331484
10,SPAG6,22345445,22454224
10,PIP4K2A,22534849,22714555
10,ARMC3,22928024,23038523
10,MSRB2,23095506,23122013
10,PTF1A,23192327,23194252
10,C10orf67,23201916,23344845
10,OTUD1,23439458,23442390
10,KIAA1217,23694746,24547848
10,ARHGAP21,24583609,24723668
10,PRTFDC1,24848607,24952604
10,ENKUR,24981979,25062279
10,THNSL1,25016658,25026664
10,GPR158,25174802,25602226
10,MYO3A,25934071,26212536
10,GAD2,26216307,26304558
10,APBB1IP,26438203,26567803
10,PDSS1,26697659,26746798
10,ABI1,26746593,26861087
10,ANKRD26,26991914,27100498
10,YME1L1,27110112,27155266
10,MASTL,27154824,27186924
10,ACBD5,27195214,27242130
10,RAB18,27504174,27542237
10,MKX,27672875,27746060
10,ARMC4,27812164,27999048
10,MPP7,28050993,28334486
10,WAC,28532493,28623112
10,BAMBI,28677342,28682939
10,LYZL1,29289061,29318328
10,SVIL,29457338,29736781
10,JCAD,30012800,30115494
10,MTPAP,30309801,30374448
10,MAP3K8,30433937,30461833
10,LYZL2,30611779,30629762
10,ZNF438,30820207,31031937
10,ZEB1,31318495,31529814
10,ARHGAP12,31805404,31928876
10,KIF5B,32009010,32056431
10,EPC1,32267751,32378798
10,CCDC7,32446140,32882874
10,ITGB1,32900319,33005792
10,NRP1,33177492,33336262
10,PARD3,34109560,34815325
10,CUL2,35008551,35090642
10,CREM,35126791,35212958
10,CCNY,35247025,35572669
10,GJD4,35605410,35608935
10,FZD8,35638249,35642278
10,ANKRD30A,37125788,37384111
10,MTRNR2L7,37601440,37602974
10,ZNF248,37776526,37858106
10,ZNF25,37949572,37976633
10,ZNF33A,38010650,38065088
10,ZNF37A,38094334,38150293
10,AL117339.5,38094368,38360098
10,ZNF33B,42574185,42638568
10,BMS1,42782801,42834937
10,RET,43077027,43130351
10,CSGALNACT2,43138486,43185308
10,RASGEF1A,43194535,43266919
10,FXYD4,43371642,43376335
10,HNRNPF,43385617,43409166
10,ZNF487,43436841,43483179
10,ZNF239,43556344,43574618
10,ZNF485,43606407,43617903
10,ZNF32,43643859,43648856
10,C10orf142,44292569,44294649
10,CXCL12,44370165,44386493
10,TMEM72,44911200,44937002
10,RASSF4,44959407,44995891
10,DEPP1,44970981,44978810
10,ZNF22,45000475,45005326
10,OR13A1,45302298,45315608
10,ALOX5,45374176,45446119
10,MARCH8,45454585,45594906
10,ZFAND4,45615501,45672780
10,WASHC2C,45727200,45792961
10,AGAP4,45825594,45853875
10,TIMM23,45972449,46003734
10,NCOA4,46005088,46030714
10,MSMB,46033307,46046269
10,ANTXRL,46286345,46330207
10,ANXA8L1,46375627,46391784
10,NPY4R,46461099,46465881
10,GPRIN2,46549044,46555530
10,SYT15,46578217,46594173
10,PTPN20,46911396,47002488
10,GDF10,47300386,47313547
10,GDF2,47322490,47326270
10,RBP3,47348371,47357875
10,ZNF488,47365496,47384273
10,ANXA8,47460162,47484158
10,FAM25G,47487219,47491693
10,AGAP9,47501854,47523638
10,FO681492.1,47750864,47763592
10,NPY4R2,47918739,47923524
10,FAM25C,47995355,47999791
10,FRMPD2,48153088,48274870
10,MAPK8,48306639,48439360
10,ARHGAP22,48446034,48656265
10,WDFY4,48684876,48982956
10,LRRC18,48909483,48914232
10,VSTM4,49014245,49115509
10,FAM170B,49131154,49134008
10,TMEM273,49154725,49188585
10,C10orf71,49299193,49327487
10,DRGX,49364181,49396016
10,ERCC6,49455368,49539538
10,CHAT,49609095,49665104
10,SLC18A3,49610301,49612720
10,C10orf53,49679651,49710261
10,OGDHL,49734643,49762379
10,PARG,49818279,49970203
10,TIMM23B,49942033,49974850
10,AGAP6,49982190,50010499
10,WASHC2A,50067888,50133506
10,ASAH2,50182778,50248610
10,SGMS1,50305586,50625163
10,ASAH2B,50739318,50816495
10,A1CF,50799409,50885675
10,PRKG1,50990891,52298350
10,CSTF2T,51695487,51699591
10,DKK1,52314296,52318042
10,MBL2,52765380,52771700
10,PCDH15,53802771,55627942
10,MTRNR2L5,55599303,55600041
10,ZWINT,56357228,56361275
10,IPMK,58191517,58267934
10,CISD1,58269058,58289586
10,UBE2D1,58334975,58370753
10,TFAM,58385022,58399221
10,BICC1,58513140,58831437
10,PHYHIPL,59176590,59247774
10,FAM13C,59246129,59363181
10,SLC16A9,59650761,59736002
10,MRLN,59736692,59756041
10,CCDC6,59788763,59906656
10,ANK3,60026298,60733490
10,CDK1,60778331,60794852
10,RHOBTB1,60869438,61001440
10,TMEM26,61406643,61453450
10,CABCOCO1,61662961,61766766
10,ARID5B,61901300,62096944
10,RTKN2,62183035,62268707
10,ZNF365,62374192,62670301
10,AC067752.1,62520448,62672011
10,ADO,62804857,62808483
10,EGR2,62811996,62919900
10,NRBF2,63133247,63155031
10,JMJD1C,63167221,63521850
10,REEP3,63521363,63625123
10,CTNNA3,65912518,67696169
10,LRRTM3,66926006,67099830
10,DNAJC12,67796665,67838166
10,SIRT1,67884669,67918390
10,HERC4,67921899,68075348
10,MYPN,68106117,68212017
10,ATOH7,68230624,68232103
10,PBLD,68282660,68333049
10,HNRNPH3,68331174,68343191
10,RUFY2,68341107,68407294
10,DNA2,68414064,68472121
10,SLC25A16,68477999,68527474
10,TET1,68560656,68694482
10,CCAR1,68721012,68792377
10,STOX1,68827541,68895432
10,DDX50,68901278,68946847
10,DDX21,68956128,68985073
10,KIF1BP,68988721,69043544
10,SRGN,69088106,69104811
10,VPS26A,69123512,69172861
10,SUPV3L1,69180232,69209099
10,HKDC1,69220303,69267559
10,HK1,69269984,69401884
10,TACR2,69403903,69416867
10,TSPAN15,69451473,69507669
10,NEUROG3,69571698,69573238
10,FAM241B,69630251,69633599
10,COL13A1,69801867,69964275
10,H2AFY2,70052796,70112280
10,AIFM2,70098223,70132934
10,TYSND1,70137981,70146676
10,SAR1A,70147289,70170523
10,PPA1,70202830,70233911
10,NPFFR1,70247329,70283676
10,LRRC20,70298970,70382650
10,EIF4EBP2,70404379,70428618
10,NODAL,70432315,70447951
10,PALD1,70478821,70568449
10,PRF1,70597348,70602775
10,ADAMTS14,70672803,70762441
10,TBATA,70771239,70785401
10,SGPL1,70815961,70881173
10,PCBD1,70882280,70888784
10,UNC5B,71212570,71302864
10,SLC29A3,71319258,71381423
10,CDH23,71396934,71815947
10,C10orf105,71711702,71737824
10,VSIR,71747559,71773498
10,PSAP,71816298,71851375
10,CHST3,71964365,72013564
10,SPOCK2,72059035,72089032
10,ASCC1,72096032,72217134
10,ANAPC16,72216000,72235860
10,DDIT4,72273920,72276036
10,DNAJB12,72332830,72355230
10,MICU1,72367327,72626191
10,MCU,72692131,72887694
10,OIT3,72893581,72933033
10,PLA2G12B,72935170,72954778
10,P4HA1,73007217,73096974
10,NUDT13,73110375,73131828
10,ECD,73130155,73169055
10,FAM149B1,73168166,73244504
10,DNAJC9,73183362,73248862
10,MRPS16,73248843,73252693
10,CFAP70,73253759,73358859
10,ANXA7,73375101,73414076
10,MSS51,73423579,73433561
10,PPP3CB,73436428,73496024
10,USP54,73497538,73625953
10,MYOZ1,73631654,73641757
10,SYNPO2L,73644881,73663803
10,AGAP5,73674285,73698159
10,SEC24C,73744384,73772161
10,FUT11,73772291,73780251
10,CHCHD1,73782047,73783652
10,ZSWIM8,73785582,73801797
10,AC022400.6,73796514,73811651
10,NDST2,73801911,73811798
10,CAMK2G,73812501,73874591
10,PLAU,73909177,73917497
10,C10orf55,73909969,73922777
10,VCL,73995193,74121363
10,AP3M1,74120255,74151063
10,ADK,74151185,74709303
10,KAT6B,74824927,75032624
10,DUPD1,75037836,75058514
10,DUSP13,75094432,75109221
10,SAMD8,75099586,75182123
10,VDAC2,75210154,75231448
10,COMTD1,75233969,75236030
10,ZNF503,75397830,75401906
10,LRMDA,75431453,76560167
10,KCNMA1,76869601,77638369
10,DLG5,77790791,77926526
10,POLR3A,77969251,78029545
10,RPS24,78033732,78056813
10,ZMIZ1,79069035,79316528
10,PPIF,79347469,79355337
10,ZCCHC24,79382325,79445627
10,EIF5AL1,79512601,79516440
10,SFTPA2,79555852,79560402
10,SFTPA1,79610939,79615455
10,NUTM2B,79703227,79714681
10,NUTM2E,79841358,79850878
10,SFTPD,79937740,79982614
10,TMEM254,80078646,80092557
10,PLAC9,80131682,80145359
10,ANXA11,80150889,80205572
10,MAT1A,80271820,80289684
10,DYDC1,80336105,80356755
10,DYDC2,80344745,80368073
10,PRXL2A,80407829,80437115
10,TSPAN14,80454166,80533123
10,SH2D4B,80537902,80646560
10,NRG3,81875314,82987179
10,GHITM,84139440,84153245
10,C10orf99,84173738,84185294
10,CDHR1,84194635,84219621
10,LRIT2,84220495,84225589
10,LRIT1,84231593,84241461
10,RGR,84245053,84259960
10,CCSER2,84328558,84518521
10,GRID1,85599555,86366493
10,WAPL,86435256,86521815
10,OPN4,86654557,86666848
10,LDB3,86668449,86736068
10,BMPR1A,86756601,86932838
10,MMRN2,86935540,86969481
10,SNCG,86958618,86963260
10,ADIRF,86968192,86983934
10,FAM25A,87020306,87024730
10,GLUD1,87050486,87094866
10,SHLD2,87094161,87191468
10,NUTM2A,87225448,87236908
10,NUTM2D,87357668,87370695
10,MINPP1,87504875,87553460
10,PAPSS2,87659613,87747705
10,ATAD1,87751512,87841343
10,KLLN,87859161,87863437
10,PTEN,87863113,87971930
10,RNLS,88273864,88584530
10,LIPJ,88586753,88606976
10,LIPF,88664441,88678814
10,LIPK,88724544,88752786
10,LIPN,88761406,88778242
10,LIPM,88802730,88820546
10,ANKRD22,88822132,88851818
10,STAMBPL1,88879734,88975153
10,ACTA2,88935074,88991339
10,FAS,88990582,89015785
10,CH25H,89205629,89207314
10,LIPA,89213569,89414557
10,IFIT2,89283694,89309276
10,IFIT3,89327894,89340971
10,IFIT1B,89378056,89385205
10,IFIT1,89392546,89406486
10,IFIT5,89414586,89421001
10,SLC16A12,89430299,89556641
10,PANK1,89579497,89645572
10,KIF20B,89701610,89774939
10,HTR7,90740823,90857698
10,RPP30,90871716,90908553
10,ANKRD1,90912096,90921276
10,PCGF5,91163012,91284331
10,HECTD2,91409280,91514829
10,PPP1R3C,91628442,91633054
10,TNKS2,91798312,91865276
10,FGFBP3,91906589,91909483
10,BTAF1,91923769,92030325
10,CPEB3,92046692,92291087
10,MARCH5,92291163,92353964
10,IDE,92451684,92574076
10,KIF11,92593286,92655395
10,HHEX,92689951,92695646
10,EXOC6,92834713,93059493
10,CYP26C1,93060808,93069536
10,CYP26A1,93073475,93077890
10,MYOF,93306429,93482317
10,CEP55,93496632,93529092
10,FFAR4,93566665,93604480
10,RBP4,93591687,93601744
10,PDE6C,93612588,93666010
10,FRA10AC1,93667883,93702572
10,LGI1,93757809,93806272
10,SLC35G1,93893973,93956062
10,PLCE1,94030812,94332823
10,NOC3L,94333226,94362959
10,TBC1D12,94402504,94535930
10,HELLS,94501434,94613905
10,CYP2C18,94683621,94736190
10,AL583836.1,94688154,94853073
10,CYP2C19,94762681,94853205
10,CYP2C9,94938658,94989391
10,CYP2C8,95036772,95069497
10,ACSM6,95194200,95228928
10,PDLIM1,95237572,95291024
10,SORBS1,95311771,95561414
10,ALDH18A1,95605929,95656706
10,TCTN3,95663396,95694143
10,ENTPD1,95711779,95869695
10,AL365273.2,95860548,95924844
10,CC2D2B,95907603,96032684
10,CCNJ,96043394,96060870
10,ZNF518A,96129715,96205288
10,BLNK,96191702,96271587
10,DNTT,96304396,96338564
10,OPALIN,96343216,96359365
10,TLL2,96364606,96513918
10,TM9SF3,96518109,96587452
10,PIK3AP1,96593312,96720514
10,LCOR,96832282,96995959
10,SLIT1,96998038,97185920
10,ARHGAP19-SLIT1,97153045,97292637
10,ARHGAP19,97222173,97292673
10,FRAT1,97319267,97321915
10,FRAT2,97332497,97334709
10,RRP12,97356358,97426076
10,PGAM1,97426160,97433441
10,EXOSC1,97436142,97446017
10,ZDHHC16,97446131,97457370
10,MMS19,97458324,97498794
10,UBTD1,97498868,97571209
10,ANKRD2,97572499,97583884
10,HOGA1,97584323,97612802
10,AL355315.1,97584374,97673910
10,C10orf62,97589727,97590934
10,MORN4,97614553,97633500
10,PI4K2A,97640686,97676434
10,AVPI1,97677424,97687323
10,MARVELD1,97713173,97718152
10,ZFYVE27,97737121,97760907
10,SFRP5,97766751,97771952
10,GOLGA7B,97850239,97871580
10,CRTAC1,97865000,98030828
10,R3HCC1L,98134624,98244897
10,LOXL4,98247690,98268250
10,PYROXD2,98383565,98415184
10,HPS1,98416198,98446947
10,HPSE2,98457077,99235862
10,CNNM1,99329099,99394330
10,GOT1,99396870,99431569
10,NKX2-3,99532933,99536524
10,SLC25A28,99610522,99620609
10,AL133353.2,99651595,99732112
10,ENTPD7,99659506,99706240
10,CUTC,99702558,99756134
10,COX15,99711844,99732100
10,ABCC2,99782640,99852594
10,DNMBP,99875577,100009919
10,CPN1,100042193,100081877
10,ERLIN1,100150094,100188334
10,CHUK,100188298,100229619
10,CWF19L1,100232298,100267680
10,BLOC1S2,100273280,100286712
10,PKD2L1,100288154,100330486
10,SCD,100347124,100364834
10,WNT8B,100463041,100483744
10,SEC31B,100486642,100519864
10,AL133352.1,100505628,100529881
10,NDUFB8,100523740,100530000
10,HIF1AN,100529072,100559998
10,PAX2,100735603,100829941
10,SLF2,100912569,100965136
10,MRPL43,100969458,100987515
10,SEMA4G,100969518,100985871
10,TWNK,100987367,100994401
10,LZTS2,100996618,101007836
10,PDZD7,101007683,101032295
10,SFXN3,101031234,101041244
10,KAZALD1,101061841,101068131
10,TLX1,101130505,101137789
10,LBX1,101226195,101229794
10,BTRC,101354033,101557321
10,DPCD,101570560,101609668
10,POLL,101578882,101588270
10,FBXW4,101610664,101695295
10,FGF8,101770130,101780369
10,NPM3,101781325,101783413
10,OGA,101784443,101818465
10,KCNIP2,101825974,101843920
10,ARMH3,101845599,102056193
10,HPS6,102065390,102068038
10,LDB1,102107560,102120453
10,PPRC1,102132994,102150331
10,NOLC1,102152176,102163871
10,ELOVL3,102226328,102229589
10,PITX3,102230186,102241474
10,GBF1,102245532,102382899
10,NFKB2,102394110,102402529
10,PSD,102402617,102421539
10,FBXL15,102419189,102423136
10,CUEDC2,102423245,102432661
10,C10orf95,102449837,102451543
10,MFSD13A,102461395,102477045
10,ACTR1A,102461881,102502711
10,SUFU,102503987,102633535
10,TRIM8,102642310,102660680
10,ARL3,102673731,102714407
10,SFXN2,102714538,102743492
10,WBP1L,102743901,102834516
10,CYP17A1,102830531,102837533
10,BORCS7,102854223,102864961
10,BORCS7-ASMT,102854272,102901899
10,AS3MT,102869516,102901899
10,CNNM2,102918293,103090221
10,NT5C2,103088017,103193306
10,RPEL1,103245887,103248016
10,INA,103277163,103290351
10,PCGF6,103302796,103351144
10,TAF5,103367967,103389065
10,ATP5MD,103389041,103396492
10,PDCD11,103396626,103446292
10,CALHM2,103446786,103452402
10,CALHM1,103453387,103458888
10,CALHM3,103472804,103479240
10,NEURL1,103493979,103592552
10,SH3PXD2A,103594027,103855543
10,STN1,103882542,103918205
10,SLK,103967201,104029233
10,COL17A1,104031286,104085957
10,SFR1,104122058,104126385
10,CFAP43,104129888,104232362
10,GSTO1,104235356,104267459
10,GSTO2,104268873,104304945
10,ITPRIP,104309698,104338448
10,CFAP58,104353764,104455090
10,SORCS3,104641101,105265235
10,SORCS1,106573663,107164534
10,XPNPEP1,109864766,109923553
10,ADD3,109996368,110135565
10,MXI1,110207605,110287365
10,SMNDC1,110290730,110304951
10,DUSP5,110497838,110511544
10,SMC3,110567691,110604636
10,RBM20,110644397,110839469
10,PDCD4,110871795,110900006
10,BBIP1,110898730,110919274
10,SHOC2,110919547,111013667
10,ADRA2A,111077163,111080907
10,GPAM,112149864,112215377
10,TECTB,112283400,112305035
10,ACSL5,112374018,112428380
10,ZDHHC6,112424428,112446917
10,VTI1A,112446998,112818744
10,TCF7L2,112950250,113167678
10,HABP2,113550837,113589602
10,NRAP,113588716,113664127
10,CASP7,113679162,113730907
10,PLEKHS1,113751454,113783429
10,DCLRE1A,113834725,113854383
10,NHLRC2,113854661,113917194
10,ADRB1,114044056,114046908
10,CCDC186,114120862,114174232
10,TDRD1,114179270,114232304
10,VWA2,114239330,114291513
10,AFAP1L2,114294824,114404756
10,ABLIM1,114431113,114685003
10,FAM160B1,114821744,114899832
10,TRUB1,114938193,114977676
10,ATRNL1,115093365,115948992
10,GFRA1,116056925,116273467
10,CCDC172,116324428,116380029
10,PNLIPRP3,116427867,116477957
10,PNLIP,116545931,116567855
10,PNLIPRP1,116590385,116609175
10,C10orf82,116663696,116670264
10,HSPA12A,116671192,116850236
10,ENO4,116849512,116911788
10,SHTN1,116881482,117126586
10,VAX1,117128521,117138301
10,KCNK18,117197489,117210299
10,SLC18A2,117241073,117279430
10,PDZD8,117277274,117375467
10,EMX2,117542444,117549546
10,RAB11FIP2,118004916,118046603
10,FAM204A,118297930,118342328
10,PRLHR,118589989,118595699
10,CACUL1,118674167,118755249
10,NANOS1,119029716,119033732
10,EIF3A,119033670,119080823
10,FAM45A,119104086,119137984
10,SFXN4,119140767,119165667
10,PRDX3,119167703,119178833
10,GRK5,119207589,119459742
10,RGS10,119499828,119542708
10,TIAL1,119571802,119597029
10,BAG3,119651370,119677819
10,INPP5F,119726042,119829278
10,MCMBP,119829404,119892556
10,SEC23IP,119892711,119944658
10,PLPP4,120456954,120589855
10,WDR11,120851175,120909524
10,FGFR2,121478334,121598458
10,ATE1,121740421,121928801
10,NSMCE4A,121957088,121975217
10,TACC2,121989174,122254545
10,BTBD16,122271306,122338162
10,PLEKHA1,122374696,122442602
10,ARMS2,122454653,122457352
10,HTRA1,122458551,122514908
10,DMBT1,122560665,122643736
10,C10orf120,122697709,122699822
10,CUZD1,122832149,122850793
10,FAM24B,122849078,122879641
10,FAM24A,122910701,122913111
10,C10orf88,122930903,122954403
10,PSTK,122954381,122997513
10,IKZF5,122990806,123008817
10,ACADSB,123008979,123058311
10,HMX3,123135962,123137741
10,HMX2,123148122,123150672
10,BUB3,123154277,123170467
10,GPR26,123666355,123694607
10,CPXM2,123706207,123940267
10,CHST15,124007666,124093607
10,OAT,124397303,124418976
10,NKX1-2,124445239,124450184
10,LHPP,124461834,124617888
10,AC068896.1,124617080,124791727
10,FAM53B,124619292,124744269
10,EEF1AKMT2,124748149,124791870
10,ABRAXAS2,124801785,124836670
10,ZRANB1,124942123,124988189
10,CTBP2,124984317,125161170
10,TEX36,125576522,125683144
10,EDRF1,125719515,125764143
10,MMP21,125766453,125775821
10,UROS,125784980,125823285
10,BCCIP,125823546,125853695
10,DHX32,125836337,125896436
10,FANK1,125896539,126009592
10,ADAM12,126012381,126388455
10,C10orf90,126424997,126670446
10,DOCK1,126905409,127452517
10,INSYN2,127135426,127196158
10,NPS,127549369,127552639
10,FOXI2,127737235,127741186
10,CLRN3,127877841,127892947
10,PTPRE,127907061,128085855
10,MKI67,128096659,128126385
10,MGMT,129467184,129768007
10,EBF3,129835283,129963841
10,C10orf143,130020025,130110817
10,GLRX3,130136399,130184521
10,TCERG1L,131092391,131311721
10,PPP2R2D,131900644,131959834
10,BNIP3,131966455,131982013
10,JAKMIP3,132104671,132184809
10,DPYSL4,132186900,132205776
10,STK32C,132207492,132331847
10,LRRC27,132332154,132379918
10,PWWP2B,132397168,132417863
10,INPP5A,132537820,132783480
10,NKX6-2,132783179,132786052
10,CFAP46,132808392,132942823
10,ADGRA1,133070929,133131675
10,KNDC1,133160447,133226412
10,UTF1,133230274,133231558
10,VENTX,133237404,133241929
10,ADAM8,133262403,133276868
10,TUBGCP2,133278630,133312337
10,ZNF511,133308475,133313162
10,ZNF511-PRAP1,133309410,133352529
10,CALY,133324072,133336935
10,PRAP1,133347146,133352683
10,FUOM,133355154,133358035
10,ECHS1,133362480,133373689
10,PAOX,133379234,133391694
10,AL360181.3,133390834,133420495
10,MTG1,133394094,133421307
10,SPRN,133420666,133424572
10,SCART1,133453928,133523558
10,CYP2E1,133520406,133561220
10,SYCE1,133553901,133569835
10,FRG2B,133623895,133626795
18,TUBB8P12,47390,49557
18,USP14,158383,214629
18,THOC1,214520,268050
18,COLEC12,316740,500722
18,CETN1,580357,582114
18,CLUL1,596988,650334
18,TYMS,657604,673578
18,ENOSF1,670324,712676
18,YES1,721588,812546
18,ADCYAP1,904943,912172
18,METTL4,2537525,2571509
18,NDC80,2571511,2616635
18,SMCHD1,2655738,2805017
18,EMILIN2,2847030,2915993
18,LPIN2,2916994,3013315
18,MYOM1,3066807,3220108
18,MYL12A,3247481,3256236
18,MYL12B,3261479,3278431
18,TGIF1,3411608,3459978
18,DLGAP1,3496032,4455335
18,AKAIN1,5145285,5197503
18,ZBTB14,5289019,5297053
18,EPB41L3,5392381,5630700
18,TMEM200C,5882072,5895955
18,L3MBTL4,5954706,6415237
18,ARHGAP28,6729718,6915716
18,LAMA1,6941744,7117814
18,LRRC30,7231125,7232047
18,PTPRM,7566782,8406861
18,RAB12,8609437,8639382
18,MTCL1,8705661,8832778
18,NDUFV2,9102630,9134345
18,ANKRD12,9136228,9285985
18,TWSG1,9334767,9402420
18,RALBP1,9475009,9538116
18,PPP4R1,9546791,9615240
18,RAB31,9708165,9862551
18,TXNDC2,9885726,9889275
18,VAPA,9914002,9960021
18,APCDD1,10454628,10489948
18,NAPG,10525905,10552761
18,PIEZO2,10666483,11148762
18,SLC35G4,11609596,11610612
18,GNAL,11688956,11885685
18,CHMP1B,11851396,11854449
18,MPPE1,11882622,11909223
18,IMPA2,11981025,12030883
18,ANKRD62,12093853,12129749
18,CIDEA,12254319,12277595
18,TUBB6,12307669,12344320
18,AFG3L2,12328944,12377314
18,PRELID3A,12407896,12432238
18,SPIRE1,12446512,12658134
18,PSMG2,12658043,12725740
18,CEP76,12661833,12702777
18,PTPN2,12785478,12929643
18,SEH1L,12947133,12987536
18,CEP192,12991362,13125052
18,LDLRAD4,13217498,13652755
18,FAM210A,13663347,13726663
18,RNMT,13726660,13764558
18,MC5R,13824149,13827323
18,MC2R,13882044,13915707
18,ZNF519,14057457,14132490
18,POTEC,14507339,14543585
18,ANKRD30B,14728272,14852738
18,ROCK1,20946906,21111851
18,GREB1L,21242242,21525417
18,ESCO1,21529281,21600884
18,SNRPD1,21612267,21633524
18,ABHD3,21650897,21704805
18,MIB1,21704957,21870957
18,GATA6,22169443,22202528
18,CTAGE1,22413601,22417915
18,RBBP8,22798261,23026488
18,CABLES1,23134564,23260467
18,TMEM241,23197144,23437961
18,RIOK3,23452823,23486603
18,RMC1,23503470,23531807
18,NPC1,23506184,23586898
18,ANKRD29,23598926,23662885
18,LAMA3,23689443,23956222
18,TTC39C,23992773,24135610
18,CABYR,24138956,24161603
18,OSBPL1A,24162044,24397880
18,IMPACT,24426616,24453535
18,HRH4,24460629,24479957
18,ZNF521,25061926,25352190
18,SS18,26016253,26091217
18,PSMA8,26133852,26193355
18,TAF4B,26225936,26391685
18,KCTD1,26454910,26657401
18,AQP4,26852038,26865818
18,CHST9,26906481,27185317
18,CDH2,27950966,28177446
18,DSC3,30990008,31042815
18,DSC2,31058840,31102522
18,DSC1,31129236,31162856
18,DSG1,31318089,31357029
18,DSG4,31376777,31414912
18,DSG3,31447795,31478702
18,DSG2,31498043,31549008
18,TTR,31557010,31599021
18,B4GALT6,31622247,31685836
18,SLC25A52,31759562,31760880
18,TRAPPC8,31829173,31953136
18,RNF125,32018372,32073213
18,RNF138,32091855,32131561
18,GAREM1,32124877,32470484
18,MEP1B,32185069,32220404
18,KLHL14,32672671,32773062
18,CCDC178,32937402,33441101
18,ASXL3,33578233,33751192
18,NOL4,33851100,34224952
18,DTNA,34493290,34891844
18,MAPRE2,34976928,35143470
18,ZNF397,35241030,35267133
18,ZSCAN30,35251058,35290245
18,ZNF24,35332212,35345482
18,ZNF396,35366697,35377337
18,AC007998.2,35443871,35497940
18,INO80C,35452230,35497991
18,GALNT1,35581117,35711834
18,C18orf21,35972083,35979286
18,RPRD1A,35984387,36067576
18,SLC39A6,36108532,36129385
18,ELP2,36129444,36180556
18,MOCOS,36187519,36272157
18,FHOD3,36297714,36780055
18,TPGS2,36777647,36829216
18,KIAA1328,36829106,37232172
18,CELF4,37243047,37566037
18,PIK3C3,41955206,42087830
18,RIT2,42743227,43115691
18,SYT4,43267878,43277650
18,SETBP1,44680173,45068510
18,SLC14A2,45212995,45683686
18,SLC14A1,45687025,45752520
18,SIGLEC15,45825512,45844080
18,EPG5,45847609,45967339
18,PSTPIP2,45983536,46072272
18,ATP5F1A,46080248,46104334
18,HAUS1,46104332,46128333
18,C18orf25,46173553,46266991
18,RNF165,46326809,46463140
18,LOXHD1,46476972,46657220
18,ST8SIA5,46667821,46759257
18,PIAS2,46803224,46920160
18,KATNAL2,46917492,47102243
18,ELOA3D,46962768,46964408
18,ELOA3C,46968695,46969912
18,ELOA3B,47022287,47023927
18,ELOA3,47028202,47030078
18,ELOA2,47032572,47035621
18,HDHD2,47107403,47150520
18,AC012254.2,47108188,47176345
18,IER3IP1,47152834,47176374
18,SKOR2,47206322,47251603
18,SMAD2,47808957,47931146
18,ZBTB7C,48026673,48410752
18,CTIF,48539046,48863217
18,SMAD7,48919853,48952052
18,DYM,49041474,49461347
18,C18orf32,49477250,49487252
18,RPL17-C18orf32,49481681,49492479
18,RPL17,49488453,49492523
18,LIPG,49560699,49599182
18,ACAA2,49782167,49813960
18,AC090227.1,49795793,49837623
18,MYO5B,49822813,50195093
18,CFAP53,50227193,50266522
18,MBD1,50266882,50281774
18,CXXC1,50282343,50288304
18,SKA1,50374995,50394173
18,MAPK4,50560078,50731824
18,MRO,50795120,50825402
18,ME2,50878734,50954257
18,ELAC1,50967991,50988121
18,AC091551.1,50968019,51058144
18,SMAD4,51028394,51085045
18,MEX3C,51174550,51218304
18,DCC,52340172,53535903
18,MBD2,54151601,54224788
18,POLI,54269404,54321266
18,STARD6,54324358,54357964
18,C18orf54,54357917,54385218
18,DYNAP,54587757,54599493
18,RAB27B,54717860,54895516
18,CCDC68,54901509,54959508
18,TCF4,55222331,55664787
18,TXNL1,56597208,56651600
18,WDR7,56651343,57036606
18,BOD1L2,57147062,57150300
18,ST8SIA3,57350813,57371731
18,ONECUT2,57435685,57491297
18,FECH,57548283,57586772
18,NARS,57600656,57622213
18,ATP8B1,57646426,57803315
18,NEDD4L,58044367,58401540
18,ALPK2,58481247,58628957
18,MALT1,58671386,58754477
18,ZNF532,58862600,58986480
18,SEC11C,59139477,59158836
18,GRP,59220168,59230774
18,RAX,59267035,59274086
18,CPLX4,59275156,59318649
18,LMAN1,59327823,59359962
18,CCBE1,59430939,59697662
18,PMAIP1,59899948,59904306
18,MC4R,60371062,60372775
18,CDH20,61333582,61555773
18,RNF152,61808063,61894247
18,PIGN,61905255,62187118
18,RELCH,62187255,62310217
18,TNFRSF11A,62325287,62391292
18,ZCCHC2,62523007,62587709
18,PHLPP1,62715450,62980433
18,BCL2,63123346,63320128
18,KDSR,63327726,63367510
18,VPS4B,63389190,63422483
18,SERPINB5,63476761,63505085
18,SERPINB12,63556160,63567011
18,SERPINB13,63586989,63604639
18,SERPINB4,63637259,63644298
18,SERPINB11,63647579,63726432
18,SERPINB3,63655197,63661963
18,SERPINB7,63752935,63805376
18,SERPINB2,63871692,63903890
18,SERPINB10,63897174,63936111
18,HMSD,63949301,63981774
18,SERPINB8,63969925,64019779
18,CDH7,65750252,65890341
18,CDH19,66501083,66604138
18,DSEL,67506582,67516980
18,TMX3,68673688,68715298
18,CCDC102B,68715209,69055189
18,DOK6,69401055,69849087
18,CD226,69831158,69961803
18,RTTN,70003031,70205945
18,SOCS6,70288901,70330200
18,CBLN2,72536680,72638521
18,NETO1,72742314,72868146
18,FBXO15,74073353,74147865
18,TIMM21,74148511,74160530
18,CYB5A,74250847,74292016
18,C18orf63,74315813,74359187
18,DIPK1C,74434099,74457944
18,CNDP2,74495816,74523454
18,CNDP1,74534440,74587212
18,ZNF407,74597870,75065671
18,ZADH2,75195108,75209348
18,TSHZ1,75210755,75289950
18,SMIM21,75409476,75427703
18,ZNF516,76358190,76495190
18,ZNF236,76822607,76970727
18,MBP,76978827,77133683
18,GALR1,77250549,77277896
18,SALL3,78980275,79002677
18,ATP9B,79069285,79378287
18,NFATC1,79395856,79529325
18,CTDP1,79679801,79756623
18,KCNG2,79863668,79900184
18,PQLC1,79902420,79951664
18,HSBP1L1,79964561,79970822
18,TXNL4A,79970811,80033949
18,AC090360.1,80034346,80097088
18,RBFA,80034358,80046397
18,ADNP2,80109031,80147523
18,PARD6G,80157232,80247546
